word,definition
phonographic,1. Of or pertaining to phonography; based upon phonography. 2. Of or pertaining to phonograph; done by the phonograph.
ancone,"(a) The corner or quoin of a wall, cross-beam, or rafter. [Obs.] Gwilt. (b) A bracket supporting a cornice; a console."
impurity,"1. The condition or quality of being impure in any sense; defilement; foulness; adulteration. Profaneness, impurity, or scandal, is not wit. Buckminster. 2. That which is, or which renders anything..."
flimflam,A freak; a trick; a lie. Beau. & Fl.
passionless,"Void of passion; without anger or emotion; not easily excited; calm. ""Self-contained and passionless."" Tennyson."
alluvium,"Deposits of earth, sand, gravel, and other transported matter, made by rivers, floods, or other causes, upon land not permanently submerged beneath the waters of lakes or seas. Lyell."
noncoincidence,Lack of coincidence.
capitalist,"One who has capital; one who has money for investment, or money invested; esp. a person of large property, which is employed in business. The expenditure of the capitalist. Burke."
individuality,1. The quality or state of being individual or constituting an individual; separate or distinct existence; oneness; unity. Arbuthnot. They possess separate individualities. H. Spencer. 2. The chara...
inosculation,"The junction or connection of vessels, channels, or passages, so that their contents pass from one to the other; union by mouths or ducts; anastomosis; intercommunication; as, inosculation of veins..."
impure,"1. Not pure; not clean; dirty; foul; filthy; containing something which is unclean or unwholesome; mixed or impregnated extraneous substances; adulterated; as, impure water or air; impure drugs, fo..."
raptorial,"(a) Rapacious; living upon prey; -- said especially of certain birds. (b) Adapted for seizing prey; -- said of the legs, claws, etc., of insects, birds, and other animals. (c) Of or pertaining to t..."
flews,"The pendulous or overhanging lateral parts of the upper lip of dogs, especially prominent in hounds; -- called also chaps. See Illust. of Bloodhound."
irregularity,The state or quality of being irregular; that which is irregular.
epithalamium,"A nuptial song, or poem in honor of the bride and bridegroom. The kind of poem which was called epithalamium . . . sung when the bride was led into her chamber. B. Jonson."
ileum,"1. (Anat.)  The last, and usually the longest, division of the small intestine; the part between the jejunum and large intestine. [Written also ileon, and ilium.] 2. (Anat.)  See Ilium. [R.] Note: ..."
pleased,"Experiencing pleasure. -- Pleas""ed*ly, adv. -- Pleas""ed*ness, n."
hermaphroditic,"Partaking of the characteristics of both sexes; characterized by hermaphroditism. -- Her*maph`ro*dit""ic*al*ly, adv."
insanity,1. The state of being insane; unsoundness or derangement of mind; madness; lunacy. All power of fancy overreason is a degree of insanity. Johnson. Without grace The heart's insanity admits no cure....
lopsided,"1. Leaning to one side because of some defect of structure; as, a lopsided ship. Marryat. 2. Unbalanced; poorly proportioned; full of idiosyncrasies. J. S. Mill."
levorotatory,"Turning or rotating the plane of polarization towards the left; levogyrate, as levulose, left handed quartz crystals, etc. [Written also lævorotatory.]"
desquamation,"The separation or shedding of the cuticle or epidermis in the form of flakes or scales; exfoliation, as of bones."
gewgaw,"A showy trifle; a toy; a splendid plaything; a pretty but worthless bauble. A heavy gewgaw called a crown. Dryden.

Showy; unreal; pretentious. Seeing his gewgaw castle shine. Tennyson."
spurry,"An annual herb (Spergula arvensis) with whorled filiform leaves, sometimes grown in Europe for fodder. [Written also spurrey.] Sand spurry (Bot.), any low herb of the genus Lepigonum, mostly found ..."
tiny,Very small; little; puny. When that I was and a little tiny boy. Shak.
cater,"A provider; a purveyor; a caterer. [Obs.] Chaucer.

1. To provide food; to buy, procure, or prepare provisions. [He] providently caters for the sparrow. Shak. 2. By extension: To supply what is nee..."
echinoderm,One of the Echinodermata.
ferric,"Pertaining to, derived from, or containing iron. Specifically (Chem.), denoting those compounds in which iron has a higher valence than in the ferrous compounds; as, ferric oxide; ferric acid. Ferr..."
snaggy,"1. Full of snags; full of short, rough branches or sharp points; abounding with knots. ""Upon a snaggy oak."" Spenser. 2. Snappish; cross; ill-tempered. [Prov. Eng.]"
domestically,In a domestic manner; privately; with reference to domestic affairs.
tagger,"1. One who, or that which, appends or joins one thing to another. 2. That which is pointed like a tag. Hedgehogs' or procupines' small taggers. Cotton. 3. pl.  Sheets of tin or other plate which ru..."
healthy,"1. Being in a state of health; enjoying health; hale; sound; free from disease; as, a healthy chid; a healthy plant. His mind was now in a firm and healthy state. Macaulay. 2. Evincing health; as, ..."
polyandry,"The possession by a woman of more than one husband at the same time; -- contrasted with Ant: monandry. Note: In law, this falls under the head of polygamy."
pretermission,1. The act of passing by or omitting; omission. Milton. 2. (Rhet.)  See Preterition.
pronominal,"Belonging to, or partaking of the nature of, a pronoun."
retaker,One who takes again what has been taken; a recaptor. Kent.
illuminating,"Giving or producing light; used for illumination. Illuminating gas. See Gas, n., 2 (a)."
objectivity,"The state, quality, or relation of being objective; character of the object or of the objective. The calm, the cheerfulness, the disinterested objectivity have disappeared [in the life of the Greek..."
somewhat,"1. More or less; a certain quantity or degree; a part, more or less; something. These salts have somewhat of a nitrous taste. Grew. Somewhat of his good sense will suffer, in this transfusion, and ..."
ragtime,"Time characterized by syncopation, as in many negro melodies. [Colloq.]"
sarcology,"That part of anatomy which treats of the soft parts. It includes myology, angiology, neurology, and splanchnology."
fumaric,"Pertaining to, or derived from, fumitory (Fumaria officinalis). Fumaric acid (Chem.), a widely occurring organic acid, exttracted from fumitory as a white crystallline substance, C2H2(CO2H)2, and p..."
transact,"To carry through; to do; perform; to manage; as, to transact commercial business; to transact business by an agent.

To conduct matters; to manage affairs. [R.] South."
coccolith,"One of a kind of minute, calcareous bodies, probably vegetable, often abundant in deep-sea mud."
characterless,Destitute of any distinguishing quality; without character or force.
socialist,"One who advocates or practices the doctrines of socialism.

Pertaining to, or of the nature of, socialism."
sultanate,The rule or dominion of a sultan; sultanship.
encroachment,1. The act of entering gradually or silently upon the rights or possessions of another; unlawful intrusion. An unconstitutional encroachment of military power on the civil establishment. Bancroft. ...
acknowledgment,"1. The act of acknowledging; admission; avowal; owning; confession. ""An acknowledgment of fault."" Froude. 2. The act of owning or recognized in a particular character or relationship; recognition a..."
prostyle,Having columns in front. -- n.  A prostyle portico or building.
ontogenesis,"The history of the individual development of an organism; the history of the evolution of the germ; the development of an individual organism, -- in distinction from phylogeny, or evolution of the ..."
rattoon,"One of the stems or shoots of sugar cane of the second year's growth from the root, or later. See Plant-cane.

To sprout or spring up from the root, as sugar cane of the previous year's planting."
mistakenly,By mistake. Goldsmith.
cicatrize,"To heal or induce the formation of a cicatrix in, as in wounded or ulcerated flesh. Wiseman.

To heal; to have a new skin."
dabber,"That with which one dabs; hence, a pad or other device used by printers, engravers, etc., as for dabbing type or engraved plates with ink."
