HIDDEN GEM,,,,,
CULINARY TOUR,,,,,
GPS,,,19.1090909090909,,
TREKKING,,,,,
,,1051,1.59242424242424,,
GREETINGS,,,,,
BUDGETING,,12,55,660,1.59242424242424
LOCAL EXPERT,,15,55,825,1.27393939393939
,,18,55,990,1.06161616161616
ITCHY FEET,,21,55,1155,0.90995670995671
,,,,,
CHAIRLIFT,,,,,
PACKAGE HOLIDAY,,,,,
CATACOMB,,,,,
PANORAMIC,,,,,
"",,,,,
ZIPLINE,,,,,
REDEYE,,,,,
INDIGENOUS CULTURES,,,,,
PET FRIENDLY,,,,,
,,,,,
WINE COUNTRY,,,,,
CULTURAL EVENTS,,,,,
CARAVAN,,,,,
MELTING POT,,,,,
STORIES TO TELL,,,,,
MAPS,,,,,
BUNGEE JUMP,,,,,
PRIORITY BOARDING,,,,,
WILDLIFE PHOTOGRAPHY,,,,,
TRAVEL CONSULTANT,,,,,
"",,,,,
CAIRN,,,,,
ADVENTUROUS,,,,,
RURAL,,,,,
SMART TRAVEL,,,,,
,,,,,
,,,,,
BIOSPHERE,,,,,
TRANSPORTATION DELAYS,,,,,
OCEANIC,,,,,
RAMBLER,,,,,
GONDOLA,,,,,
ACCENT,,,,,
BROCHURE,,,,,
PUB,,,,,
AMUSEMENT PARK,,,,,
ISLAND,,,,,
"",,,,,
AFFORDABLE TRAVEL,,,,,
VOLUNTEER TRAVEL,,,,,
BREATHTAKING VIEW,,,,,
ECOFRIENDLY,,,,,
EMBASSY,,,,,
VINEYARD,,,,,
YURT,,,,,
OUTDOORS,,,,,
HISTORIC DISTRICT,,,,,
RECREATIONAL,,,,,
GET AROUND,,,,,
,,,,,
TRAVEL ANTHOLOGY,,,,,
KAYAK,,,,,
DINE,,,,,
"",,,,,
LUGGAGE HOLD,,,,,
SPRING BREAK,,,,,
VACATION RENTAL,,,,,
,,,,,
MOUNTAINEER,,,,,
,,,,,
TOUR GROUP,,,,,
,,,,,
NOTIFICATION,,,,,
LUGGAGE TAG,,,,,
FORTRESS,,,,,
INNKEEPER,,,,,
SURFBOARD,,,,,
LAYOVER,,,,,
HIKING,,,,,
"",,,,,
DIVING,,,,,
EXCURSION,,,,,
WATER BOTTLE,,,,,
TOURIST ATTRACTION,,,,,
TRAVEL JOURNAL,,,,,
TRAVEL SHOW,,,,,
PHOTO,,,,,
ECONOMY CLASS,,,,,
PICTURES,,,,,
PACKED,,,,,
CLIFF SIDE,,,,,
TIDES,,,,,
PADDLE BOARDING,,,,,
PORTRAIT SHOT,,,,,
HOTEL,,,,,
"",,,,,
EXECUTIVE SUITE,,,,,
,,,,,
TROLLEY,,,,,
CULTURAL AMBASSADOR,,,,,
HOLIDAY PHOTOS,,,,,
BLOG,,,,,
INTERNATIONAL TRAVEL,,,,,
FESTIVAL,,,,,
CATAMARAN,,,,,
UNSPOILED,,,,,
MARATHON TRIP,,,,,
BUNGALOW,,,,,
NORTHERN LIGHTS,,,,,
,,,,,
TOLL ROAD,,,,,
"",,,,,
BUNGEE JUMPING,,,,,
TRAVEL BLOG,,,,,
BOARDING,,,,,
AMENITY KIT,,,,,
ROUTE PLANNING,,,,,
POWER CONVERTER,,,,,
LANGUAGES,,,,,
WINDSURFING,,,,,
GORGE,,,,,
,,,,,
SHIP,,,,,
WANDERLUST,,,,,
RIDE,,,,,
ALL TERRAIN VEHICLE,,,,,
FOREIGNER,,,,,
"",,,,,
SNORKELING,,,,,
CAMPING,,,,,
,,,,,
NIGHTLIFE,,,,,
BED AND BREAKFAST,,,,,
MILEAGE PROGRAM,,,,,
INN,,,,,
EXPLORATION,,,,,
PORTRAIT,,,,,
COTTAGE,,,,,
SAVANNA,,,,,
DRIFTWOOD,,,,,
LOST LUGGAGE,,,,,
LIFELONG FRIENDSHIPS,,,,,
VACCINATION,,,,,
"",,,,,
GUIDE,,,,,
AQUARIUM,,,,,
WELLNESS RETREATS,,,,,
,,,,,
CHARMING,,,,,
OUTBACK,,,,,
CLIMATE,,,,,
,,,,,
BUSTLING,,,,,
TOUR GUIDE,,,,,
MONUMENTS,,,,,
DOWNTOWN,,,,,
CUSTOMS DECLARATION,,,,,
COASTLINE,,,,,
TRAVEL HACKS,,,,,
"",,,,,
SNACKS,,,,,
COUCH SURFING,,,,,
PLANE,,,,,
OFF GRID,,,,,
ROAD TRIP,,,,,
TRAVEL GROUPS,,,,,
MEMENTO,,,,,
GEOGRAPHY,,,,,
LATITUDE,,,,,
NATURE RESERVE,,,,,
HOST,,,,,
HOTEL CHAIN,,,,,
PARASAILING,,,,,
EXCITEMENT,,,,,
STANDBY,,,,,
"",,,,,
POSTCARD,,,,,
CABIN,,,,,
PHOTO ESSAY,,,,,
PRESERVATION,,,,,
JET,,,,,
IMMIGRATION,,,,,
,,,,,
WORLD HERITAGE,,,,,
OBSERVATORY,,,,,
WORLDLY,,,,,
PALACE,,,,,
OVERNIGHT,,,,,
LEISURE ACTIVITIES,,,,,
GUEST HOUSE,,,,,
NONSTOP FLIGHT,,,,,
"",,,,,
RUINS,,,,,
VACATION,,,,,
LASTING FRIENDSHIPS,,,,,
ADVENTURE SEASON,,,,,
FOREIGN,,,,,
JET LAG,,,,,
FRUGAL,,,,,
SKI LODGE,,,,,
BAZAAR,,,,,
STORY,,,,,
LOCAL TRANSPORTATION,,,,,
AMENITY,,,,,
LIMOUSINE,,,,,
BUDGET,,,,,
TICKETS,,,,,
"",,,,,
DANCE,,,,,
CAR SHARING,,,,,
BEACHFRONT,,,,,
SWIMSUIT,,,,,
GLOBE,,,,,
COMFORT,,,,,
LINEN,,,,,
WHALE WATCHING,,,,,
VILLA,,,,,
MEMORIES,,,,,
SUSTAINABLE TOURISM,,,,,
SKI,,,,,
ADVENTURE GUIDE,,,,,
,,,,,
MEMOIR,,,,,
"",,,,,
CULTURE,,,,,
EBOOKS,,,,,
SIGHTS,,,,,
CABLEWAY,,,,,
LOCAL EXPERIENCES,,,,,
PILGRIMAGE,,,,,
INTERNATIONAL FRIENDS,,,,,
LOCAL LEGEND,,,,,
BONFIRE,,,,,
PHOTOS,,,,,
OPULENT,,,,,
FLY,,,,,
CASH,,,,,
ARCHITECTURE,,,,,
SUMMIT,,,,,
"",,,,,
GUIDED WALKS,,,,,
PLAZA,,,,,
TOURIST TRAP,,,,,
TRAVELER'S CHECK,,,,,
COUNTRYSIDE ROUTE,,,,,
FOREST,,,,,
STAY,,,,,
HOLIDAY,,,,,
TRAVERSE,,,,,
MASSAGE,,,,,
CABLE CAR,,,,,
RAILROAD,,,,,
CONFIRMATION,,,,,
TRADITIONAL DRESS,,,,,
STREET FOOD,,,,,
"",,,,,
WETSUIT,,,,,
BOARDWALK,,,,,
MERIDIAN,,,,,
VISA,,,,,
WANDER,,,,,
PILLOW,,,,,
MINIBREAK,,,,,
GLAMPING,,,,,
WAY POINT,,,,,
TRAVELING LIGHT,,,,,
TRAVELOGUES,,,,,
CRUISE SHIP,,,,,
TRAVEL AGENT,,,,,
IMMERSE,,,,,
FISHING,,,,,
"",,,,,
YACHT CHARTER,,,,,
RETURN,,,,,
,,,,,
TOUR LEADER,,,,,
SAFARI,,,,,
HISTORY,,,,,
UNCHARTED,,,,,
DIALECT,,,,,
HOSPITALITY,,,,,
PORT OF CALL,,,,,
DORMITORY,,,,,
INFLIGHT ENTERTAINMENT,,,,,
HORIZON,,,,,
WATERFRONT,,,,,
AISLE SEAT,,,,,
"",,,,,
TRAVEL BUDGET,,,,,
CURRENCY,,,,,
CAMEL TREK,,,,,
MUSEUM,,,,,
ECONOMY,,,,,
CELEBRATIONS,,,,,
,,,,,
INDEPENDENCE,,,,,
MUSEUMS,,,,,
,,,,,
HABITAT,,,,,
,,,,,
SHARED EXPERIENCES,,,,,
,,,,,
ROOM SERVICE,,,,,
"",,,,,
TRAVEL BUDDY,,,,,
PICTURESQUE,,,,,
DELICACY,,,,,
INLAND,,,,,
TRANSLATE,,,,,
TAXI,,,,,
BLOGS,,,,,
ASCEND,,,,,
EQUINOX,,,,,
DEPARTURE LOUNGE,,,,,
HOMELAND,,,,,
SCHOONER,,,,,
PARASAIL,,,,,
CONTINENTAL BREAKFAST,,,,,
DREAM DESTINATION,,,,,
"",,,,,
BAMBOO,,,,,
CAB,,,,,
NEWSLETTER,,,,,
TRAVEL HACKER,,,,,
MEMOIRS,,,,,
OUTPOST,,,,,
PARKWAY,,,,,
SELFCATERING,,,,,
EXTREME SPORTS,,,,,
SWAMP,,,,,
DIARY,,,,,
UPGRADE,,,,,
LOCAL GUIDE,,,,,
SURFING,,,,,
SEASIDE,,,,,
"",,,,,
TRAVEL PREPARATION,,,,,
,,,,,
BIKING,,,,,
ANTIQUE,,,,,
TRAVEL AGENCY,,,,,
BUS LANE,,,,,
VIRTUAL TRAVEL,,,,,
FERRY,,,,,
WINTER WONDERLAND,,,,,
VOLUNTEER ORGANIZATIONS,,,,,
,,,,,
AFFORDABLE DESTINATIONS,,,,,
LODGING,,,,,
ICE SKATING,,,,,
GLACIER,,,,,
"",,,,,
MISSED CONNECTION,,,,,
WINDOW SEAT,,,,,
MAP,,,,,
CAR,,,,,
PILGRIMAGES,,,,,
PATHWAY,,,,,
CONCIERGE SERVICE,,,,,
FREQUENT FLIER,,,,,
ROAD MAP,,,,,
DREAM DESTINATIONS,,,,,
FABLED,,,,,
BINOCULARS,,,,,
BACKPACKING,,,,,
WONDERLAND,,,,,
CURRENCY EXCHANGE,,,,,
"",,,,,
CONCERT,,,,,
RECREATIONAL ACTIVITIES,,,,,
ROAM,,,,,
ZOO,,,,,
SETTLEMENT,,,,,
HEALTH ISSUES,,,,,
SIGHT SEE,,,,,
PEAK,,,,,
CAR RENTAL,,,,,
ARCHAEOLOGY,,,,,
ADVENTURE GOALS,,,,,
PORTABLE CHARGER,,,,,
FLIP FLOPS,,,,,
PARAGLIDING,,,,,
CITADEL,,,,,
"",,,,,
BOATING,,,,,
PICNIC,,,,,
KAYAKING,,,,,
TRAVELER,,,,,
ECO CONSCIOUS TRAVEL,,,,,
ARRIVAL,,,,,
VOYAGES,,,,,
HISTORICAL TOURS,,,,,
EXPLORER,,,,,
RAFT,,,,,
POWER BOATING,,,,,
CULINARY EXPERIENCES,,,,,
,,,,,
CARTOGRAPHY,,,,,
RECREATION,,,,,
"",,,,,
OVERSEAS,,,,,
KIOSK,,,,,
PIER,,,,,
CABIN FEVER,,,,,
EMBARK,,,,,
CAMERA,,,,,
TRAIN,,,,,
BIRD WATCHING,,,,,
TERRACE,,,,,
CORPORATE TRAVEL,,,,,
BICYCLE RENTAL,,,,,
TRAVEL BLOGS,,,,,
ATOLL,,,,,
DASHBOARD,,,,,
BUS,,,,,
"",,,,,
TRAVEL JOURNALS,,,,,
ID,,,,,
TRAVEL PARTNERSHIPS,,,,,
VISA REQUIREMENTS,,,,,
ADVENTURE TRAVEL,,,,,
TRAM,,,,,
FRONT DESK,,,,,
WATER SKIING,,,,,
MOUNTAIN BIKING,,,,,
HIKING BOOTS,,,,,
FOOTFALL,,,,,
LUXURY TRAVEL,,,,,
CARPOOL,,,,,
LOCAL FESTIVALS,,,,,
WILDLIFE SANCTUARY,,,,,
"",,,,,
KEEPSAKE,,,,,
BON VOYAGE,,,,,
CARAVANNING,,,,,
RETREAT,,,,,
SPRING,,,,,
ALPACA,,,,,
MEDICAL INSURANCE,,,,,
OFF PEAK SEASON,,,,,
COACH,,,,,
ACTIVITIES,,,,,
SCRAPBOOK,,,,,
MOUNTAIN,,,,,
ARCTIC,,,,,
ACCOMMODATIONS,,,,,
BYGONE,,,,,
"",,,,,
PASSAGE,,,,,
PRESENTATION,,,,,
,,,,,
VILLAGE,,,,,
,,,,,
SHUTTLE,,,,,
CULINARY,,,,,
INTERNATIONAL,,,,,
ENCLAVE,,,,,
SIGHTSEEING,,,,,
STROLL,,,,,
CONTINENTAL,,,,,
SUN HAT,,,,,
LOOKOUT,,,,,
TROPICAL,,,,,
"",,,,,
CONNECTING FLIGHT,,,,,
SOCIETY,,,,,
MONUMENT,,,,,
PEDICAB,,,,,
TRAVEL REWARDS,,,,,
ANTICIPATION,,,,,
ENTERTAINMENT,,,,,
NATIONAL PARK,,,,,
VALLEY,,,,,
CULTURAL TOURISM,,,,,
HUMMINGBIRD,,,,,
BASE JUMPING,,,,,
IGLOO,,,,,
JET SETTER,,,,,
WILDERNESS,,,,,
"",,,,,
DECK,,,,,
COMMUNICATION,,,,,
ALERT,,,,,
REGION,,,,,
ASSISTANCE,,,,,
BACKPACKER,,,,,
LOCALE,,,,,
MOUNTAIN PASS,,,,,
HONEYMOON,,,,,
CABIN CREW,,,,,
HIKING TRAILS,,,,,
DECK CHAIR,,,,,
SOLITUDE,,,,,
ITINERARY,,,,,
TRAILER,,,,,
"",,,,,
COUNTRYSIDE,,,,,
VIRTUAL TOURS,,,,,
JAUNT,,,,,
CULTURAL HERITAGE,,,,,
VAGABOND,,,,,
DETOUR,,,,,
GET AWAY,,,,,
ARTIFACT,,,,,
ANCHOR,,,,,
CUISINE,,,,,
WALKING TOURS,,,,,
TENT,,,,,
TRAVEL VISA,,,,,
ROADSIDE,,,,,
ORIENT,,,,,
"",,,,,
TRANSIT,,,,,
COMPLIMENTARY,,,,,
HISTORICAL TRAVEL,,,,,
OLD TOWN,,,,,
AIRBNB,,,,,
TRANSPORTATION,,,,,
ISLAND HOPPING,,,,,
BOUTIQUE HOTEL,,,,,
HELICOPTER TOUR,,,,,
TEMPLE,,,,,
NAVIGATE,,,,,
VACATION RENTALS,,,,,
CANCELLATION,,,,,
HOLIDAY TRAVEL,,,,,
RAMP,,,,,
"",,,,,
RIVER CRUISE,,,,,
SIGN,,,,,
TAXI DRIVER,,,,,
SUNSCREEN,,,,,
ADVENTURE GEAR,,,,,
HIGHWAY,,,,,
FREEWAYS,,,,,
SKI RESORT,,,,,
INDIGENOUS,,,,,
EXTENDED STAY,,,,,
REBOOKING,,,,,
CAMPGROUND,,,,,
DAY TRIP,,,,,
SWARMING WITH TOURISTS,,,,,
,,,,,
"",,,,,
TOURIST INFORMATION,,,,,
SCENIC ROUTE,,,,,
WINDSURF,,,,,
CONVERSATION,,,,,
BUS TOUR,,,,,
ANCIENT,,,,,
EXPRESSWAY,,,,,
INFINITY POOL,,,,,
CONCIERGE,,,,,
CONFLUENCE,,,,,
ROAD,,,,,
PARAGLIDE,,,,,
,,,,,
EXPERIENCES,,,,,
VIEWPOINT,,,,,
"",,,,,
FOLKLORE,,,,,
TRAVEL BLOGGER,,,,,
CHECK IN,,,,,
BILINGUAL,,,,,
NAP,,,,,
GEAR,,,,,
VISITOR CENTER,,,,,
GLOBETROTTER,,,,,
DELAYS,,,,,
LOCAL TRANSPORT,,,,,
LANDMARKS,,,,,
MIDDLE OF NOWHERE,,,,,
PASSPORT,,,,,
LANGUAGE,,,,,
BEACON,,,,,
"",,,,,
ITINERARY CHANGE,,,,,
BUFFET,,,,,
DIVE,,,,,
TERMINAL,,,,,
RESTAURANT,,,,,
HIKE,,,,,
TOURIST,,,,,
SUMMER,,,,,
TRAVEL TIPS,,,,,
OVERNIGHT STAY,,,,,
TRADE ROUTES,,,,,
HERITAGE,,,,,
HIKER,,,,,
WILDLIFE CONSERVATION,,,,,
INFORMATION CENTER,,,,,
"",,,,,
HOLIDAY PACKAGE,,,,,
CHECKOUT,,,,,
WINERY,,,,,
RENTAL,,,,,
,,,,,
ASCENT,,,,,
,,,,,
BOUTIQUE,,,,,
CLIMBER,,,,,
CITY BUS,,,,,
HOT SPRING,,,,,
AIRFARE,,,,,
PHYSICAL ACTIVITY,,,,,
KITE BOARD,,,,,
SKIING HOLIDAY,,,,,
"",,,,,
PORT,,,,,
LANGUAGE BARRIERS,,,,,
KITCHENETTE,,,,,
STAYCATION,,,,,
SEA,,,,,
,,,,,
LOCAL DELICACY,,,,,
BOARDING PASS,,,,,
CULTURAL EXPERIENCES,,,,,
TRAIL,,,,,
PANORAMA,,,,,
BUS DRIVER,,,,,
TRAVEL ADVISORY,,,,,
HOSTESS,,,,,
AIRLINE,,,,,
"",,,,,
JET SET,,,,,
SACK,,,,,
REST,,,,,
BAGUETTE,,,,,
SIESTA,,,,,
RELAXATION,,,,,
FALL FOLIAGE,,,,,
SCENIC VIEWS,,,,,
SCUBA,,,,,
DOUBLE DECKER BUS,,,,,
MULTICULTURAL,,,,,
ADVENTURE,,,,,
HELICOPTER,,,,,
INTREPID,,,,,
CONVENIENCE,,,,,
"",,,,,
FLORA,,,,,
ALTITUDE,,,,,
GROUP TRAVEL,,,,,
IDYLLIC,,,,,
ROUNDTRIP TICKET,,,,,
WILDLIFE,,,,,
HISTORICAL SITES,,,,,
DINING ETIQUETTE,,,,,
ADVENTURE SPORTS,,,,,
VISTA,,,,,
TRAVEL ALERT,,,,,
DEPOT,,,,,
STARGAZING,,,,,
,,,,,
FOODIE,,,,,
"",,,,,
TRAVEL WRITING,,,,,
WAIT LIST,,,,,
VIEW,,,,,
HOLIDAY PLANS,,,,,
PEOPLE,,,,,
BRIDGE,,,,,
CRUISE LINES,,,,,
BUSINESS TRAVEL,,,,,
ONE WAY,,,,,
WILDLIFE PROTECTION,,,,,
DEBARK,,,,,
SEATBELT,,,,,
FIESTA,,,,,
CANYON,,,,,
PAMPHLET,,,,,
"",,,,,
BAGGAGE,,,,,
ESCAPADE,,,,,
CARRYON LUGGAGE,,,,,
CITYSCAPE,,,,,
MURAL,,,,,
BOULDERING,,,,,
MOONLIT,,,,,
SCENIC ROUTES,,,,,
,,,,,
SWIMWEAR,,,,,
RAILWAY,,,,,
OLD WORLD,,,,,
BOUNDLESS,,,,,
BOOKING,,,,,
EVERGLADE,,,,,
"",,,,,
UNPACK,,,,,
CULTURAL DIFFERENCES,,,,,
ADVENTURE CLUB,,,,,
INNS,,,,,
MEMORABLE,,,,,
SECLUDED,,,,,
BILLBOARD,,,,,
RAIL PASS,,,,,
SANDCASTLE,,,,,
VESSEL,,,,,
ALL INCLUSIVE,,,,,
RELAX,,,,,
TRAVEL LITERATURE,,,,,
VENTURE,,,,,
SUNRISE,,,,,
"",,,,,
FOLIAGE,,,,,
PERSPECTIVE SHIFT,,,,,
PLUNGE POOL,,,,,
ROAD TRIP,,,,,
FESTIVALS,,,,,
RIVIERA,,,,,
TRAIN STATION,,,,,
PERMIT,,,,,
TIME ZONE,,,,,
RESPONSIBLE TOURISM,,,,,
TIMELESS,,,,,
TRAVEL GUIDE,,,,,
RAFTING,,,,,
BYWAY,,,,,
NOMADIC,,,,,
"",,,,,
FREEWAY,,,,,
CHECKPOINT,,,,,
THERMAL,,,,,
RUSTIC,,,,,
CARBON FOOTPRINT,,,,,
POOL,,,,,
GETAWAY,,,,,
TRAVEL ITINERARY,,,,,
DUTY FREE,,,,,
CASINO,,,,,
RENAISSANCE,,,,,
TREKKER,,,,,
NONESSENTIAL TRAVEL,,,,,
,,,,,
,,,,,
"",,,,,
MOTEL,,,,,
BOHEMIAN,,,,,
NEIGHBORHOOD,,,,,
COCKTAIL,,,,,
LOCAL ETIQUETTE,,,,,
AUTHENTIC,,,,,
OFF THE BEATEN PATH,,,,,
CLIMB,,,,,
HERITAGE SITE,,,,,
COAST,,,,,
AIRPLANE,,,,,
DOMESTIC,,,,,
SNOWSHOEING,,,,,
DORM,,,,,
DESTINATION,,,,,
"",,,,,
GUIDED TOUR,,,,,
UNIQUE,,,,,
YOUTH HOSTEL,,,,,
FAMILY TRAVEL,,,,,
MARINER,,,,,
OUT OF SEASON,,,,,
TRAVEL DOCUMENTARY,,,,,
TRANSLATION,,,,,
ID CARD,,,,,
FOOTPATH,,,,,
MILEAGE,,,,,
WATER PARK,,,,,
EVENT PLANNING,,,,,
TRAVEL PHOTOGRAPHY,,,,,
YACHT,,,,,
"",,,,,
SCOOTER,,,,,
YACHTING,,,,,
TRANSPORTATION TIPS,,,,,
TRAVEL COMPANY,,,,,
RESORT FEE,,,,,
CULINARY TRAVEL,,,,,
TRANSFER,,,,,
WALKING,,,,,
TRAVEL MAGAZINES,,,,,
MEMORIAL,,,,,
TRAVEL COMPANION,,,,,
LEEWARD,,,,,
LANDING,,,,,
HUMID,,,,,
OFF PEAK,,,,,
"",,,,,
KNAPSACK,,,,,
DOCKING,,,,,
BAREFOOT,,,,,
FARE,,,,,
CAVE,,,,,
EXPRESS,,,,,
PAMPAS,,,,,
ROOMMATE,,,,,
OFF THE BEATEN TRACK,,,,,
CHECK IN,,,,,
AUTOMOBILE,,,,,
HERITAGE SITES,,,,,
WATER SPORTS,,,,,
PACKAGE DEAL,,,,,
HISTORIC,,,,,
"",,,,,
CYCLING,,,,,
PHOTOGRAPHY,,,,,
CONTACT,,,,,
HOMESICKNESS,,,,,
CONIFER,,,,,
TRAVEL GOALS,,,,,
OFFSHORE,,,,,
LANDSCAPE PHOTOGRAPHY,,,,,
PACKING,,,,,
EQUATOR,,,,,
ROUND TRIP,,,,,
ANCHORAGE,,,,,
COLOSSEUM,,,,,
SPACE TOURISM,,,,,
AIRLINES,,,,,
"",,,,,
TRIP,,,,,
VISIT,,,,,
BACKPACKING TRIP,,,,,
BILL,,,,,
BUSINESS CLASS,,,,,
PETROL STATION,,,,,
SNORKEL,,,,,
WHARF,,,,,
TIME OFF,,,,,
GROWTH,,,,,
LIMESTONE,,,,,
RECEPTION,,,,,
HIDDEN GEMS,,,,,
HABITAT PRESERVATION,,,,,
MARINA,,,,,
"",,,,,
STAR RATING,,,,,
EXPEDITION,,,,,
RENDEZVOUS,,,,,
PADDLEBOARD,,,,,
SAILBOAT,,,,,
JUNCTION,,,,,
OVERWEIGHT,,,,,
ROAD LESS TRAVELED,,,,,
TRADITIONAL,,,,,
SEASCAPE,,,,,
TRAVEL HAMMOCK,,,,,
WHEN IN ROME,,,,,
SERENE,,,,,
WELCOME CENTER,,,,,
TAXI STAND,,,,,
"",,,,,
HISTORIC HIGHWAY,,,,,
KEYCARD,,,,,
BUS STOP,,,,,
UNDISCOVERED,,,,,
BORDER,,,,,
TRIP PLANNER,,,,,
BUOY,,,,,
DEPART,,,,,
CULTURAL IMMERSION,,,,,
RESERVATION,,,,,
SKYSCRAPER,,,,,
TIMETABLE,,,,,
NOMAD,,,,,
LONGITUDE,,,,,
DISEMBARK,,,,,
"",,,,,
THRILL,,,,,
ZIPLINING,,,,,
%,,,,,
CHECKLIST,,,,,
EXOTIC,,,,,
REMOTE,,,,,
BEACHCOMBER,,,,,
SCENIC,,,,,
LEAFLET,,,,,
DOMESTIC TRAVEL,,,,,
MINIBAR,,,,,
BISTRO,,,,,
FAMILY VACATION,,,,,
NEW PERSPECTIVES,,,,,
ARTISAN CRAFTS,,,,,
"",,,,,
SPA,,,,,
FREQUENT FLIER MILES,,,,,
PAGODA,,,,,
SAND DUNES,,,,,
ESCAPE,,,,,
AROUND THE WORLD,,,,,
HOUSEBOAT,,,,,
FREE DIVING,,,,,
TRAVEL BUG,,,,,
ESTUARY,,,,,
FERRY TERMINAL,,,,,
DOWNTIME,,,,,
TRAVEL RESTRICTIONS,,,,,
METRO,,,,,
,,,,,
"",,,,,
TRAVEL EXPERIENCES,,,,,
ICE CLIMBING,,,,,
TRAVEL ADAPTER,,,,,
GEOCACHING,,,,,
DISCOVERY,,,,,
DRIVE,,,,,
SUSTAINABLE TRAVEL,,,,,
,,,,,
ART EXHIBITIONS,,,,,
CAVERN,,,,,
WINDSHIELD WIPERS,,,,,
SKYLINE,,,,,
ORIENTEERING,,,,,
SNAPSHOT,,,,,
CUSTOM,,,,,
"",,,,,
,,,,,
SPIRITUAL TRAVEL,,,,,
BIODIVERSITY,,,,,
NOSTALGIA,,,,,
ART,,,,,
LEISURE,,,,,
DEPARTURE,,,,,
FARMERS MARKET,,,,,
RAIN FOREST,,,,,
STREET PHOTOGRAPHY,,,,,
SINGLE DECKER BUS,,,,,
FOOD FESTIVAL,,,,,
MOTOR HOMING,,,,,
ARRANGEMENT,,,,,
,,,,,
"",,,,,
FOREIGN CURRENCY,,,,,
DOMESTIC FLIGHT,,,,,
BUDGET TRAVEL,,,,,
TRAVELING,,,,,
INSIDERS,,,,,
MARKET,,,,,
SUNSET,,,,,
TERRAIN,,,,,
,,,,,
TIME LAPSE,,,,,
,,,,,
FLIGHT ATTENDANT,,,,,
HERMITAGE,,,,,
SERVICE,,,,,
TRAVEL CLUBS,,,,,
"",,,,,
TRANQUIL,,,,,
CAFE,,,,,
SURF,,,,,
CLOUD FOREST,,,,,
CANOEING,,,,,
METROPOLIS,,,,,
TICKET,,,,,
JUNGLE,,,,,
GLOBAL,,,,,
OVERLOOK,,,,,
EMERGENCY EXIT,,,,,
CHAPARRAL,,,,,
DISCOVER,,,,,
ALL INCLUSIVE,,,,,
SWIM,,,,,
"",,,,,
TRAMWAY,,,,,
GUIDEBOOK,,,,,
OFF SEASON,,,,,
REFORESTATION,,,,,
ADVENTURE TOURISM,,,,,
SUMMER HOLIDAY,,,,,
CONNOISSEUR,,,,,
CUSTOMS,,,,,
SAILING,,,,,
CULINARY TOURISM,,,,,
SUITCASE,,,,,
DINGHY,,,,,
,,,,,
CYCLE,,,,,
FLIGHT,,,,,
"",,,,,
CHART,,,,,
,,,,,
WINE TASTING,,,,,
PROMENADE,,,,,
,,,,,
GROVE,,,,,
CLIMBING GEAR,,,,,
SNOWBOARDING,,,,,
HOT AIR BALLOON,,,,,
FINE DINING,,,,,
LEISURE TRAVEL,,,,,
OVERSOLD FLIGHT,,,,,
SUBWAY,,,,,
,,,,,
VOLCANO,,,,,
"",,,,,
URBAN JUNGLE,,,,,
BALCONY,,,,,
WIFI,,,,,
FESTIVAL SEASON,,,,,
ACCOMMODATION,,,,,
TRAVEL BAG,,,,,
,,,,,
GARAGE,,,,,
TAKEOFF,,,,,
HEADLIGHTS,,,,,
CRAFT,,,,,
BARTER,,,,,
OVERNIGHT BAG,,,,,
ALTITUDE SICKNESS,,,,,
EXPLORE,,,,,
"",,,,,
,,,,,
PERSPECTIVE,,,,,
SLEEPER,,,,,
SANDBOARDING,,,,,
STARGAZE,,,,,
LOCAL FRIENDS,,,,,
ONBOARD,,,,,
COMPASS,,,,,
SANCTUARY,,,,,
DUFFEL BAG,,,,,
HIGHLANDS,,,,,
FELLOW TRAVELER,,,,,
LANDMARK,,,,,
TURBOPROP PLANE,,,,,
SLEEP MASK,,,,,
"",,,,,
VALET PARKING,,,,,
VOLUNTOURISM,,,,,
WETLANDS,,,,,
OCEAN LINER,,,,,
SKYDIVE,,,,,
STREET ART,,,,,
SCENERY,,,,,
HEALTH INSURANCE,,,,,
BED,,,,,
CULTURAL LANDMARK,,,,,
CARRYON,,,,,
SKIING,,,,,
JOURNEY,,,,,
DIRECTIONS,,,,,
URBAN TOURISM,,,,,
"",,,,,
PENTHOUSE,,,,,
GALLERIES,,,,,
VACATION DAYS,,,,,
CRUISE LINE,,,,,
TRADE SHOW,,,,,
TIPPING,,,,,
SCHEDULE,,,,,
PARADISE,,,,,
LUXURY,,,,,
SEASICKNESS,,,,,
PODCAST,,,,,
AQUAMARINE,,,,,
LOCAL CUSTOMS,,,,,
,,,,,
CASTAWAY,,,,,
"",,,,,
ROWING,,,,,
CASCADE,,,,,
JOURNAL,,,,,
PASSPORT CONTROL,,,,,
REJUVENATION,,,,,
HARBOR,,,,,
BATTERY,,,,,
PARKING,,,,,
NATIVE,,,,,
DECIDUOUS,,,,,
WAKE BOARDING,,,,,
WEEKEND GETAWAY,,,,,
TRIP CANCELLATION,,,,,
HIGH SEASON,,,,,
CULTURE SHOCK,,,,,
"",,,,,
OUTDOOR ADVENTURES,,,,,
DESTINATIONS,,,,,
QUARANTINE,,,,,
CITY,,,,,
MIRAGE,,,,,
TRAFFIC LIGHTS,,,,,
SOLO TRAVEL,,,,,
LANDSCAPE,,,,,
PLATEAU,,,,,
ELEVATOR,,,,,
ATRIUM,,,,,
ON THE GO,,,,,
FOUNTAIN,,,,,
CARRIAGE,,,,,
ROUTE,,,,,
"",,,,,
RESERVATIONS,,,,,
SPA RESORT,,,,,
JETTY,,,,,
LIGHT RAIL,,,,,
TRADITION,,,,,
MONASTERY,,,,,
URBAN EXPLORATION,,,,,
LUGGAGE,,,,,
CYCLING ROUTES,,,,,
RESORT,,,,,
HISTORIC PRESERVATION,,,,,
MEDIEVAL,,,,,
BUCKET LIST,,,,,
LAGOON,,,,,
TRAVEL PODCASTS,,,,,
"",,,,,
CELESTIAL,,,,,
LAKE,,,,,
STATION,,,,,
PEAK SEASON,,,,,
TOURISM BOARD,,,,,
STEWARD,,,,,
AISLE,,,,,
WEEKEND,,,,,
EURAIL PASS,,,,,
,,,,,
NAVIGATION,,,,,
,,,,,
BEACH RESORT,,,,,
SKYDIVING,,,,,
THEME PARK,,,,,
"",,,,,
EXPERIENCE,,,,,
SECURITY CHECKPOINT,,,,,
ADVENTURE TOUR,,,,,
TOUR,,,,,
GATEWAY,,,,,
CAMPFIRE,,,,,
,,,,,
WEATHER CONDITIONS,,,,,
CHATEAU,,,,,
SOJOURN,,,,,
MOUNTAINS,,,,,
SLEEPING BAG,,,,,
SEASHORE,,,,,
CAMPING HOLIDAY,,,,,
GARMENT BAG,,,,,
"",,,,,
CARNIVAL,,,,,
TRAVEL PILLOW,,,,,
ACCOMMODATION BOOKING,,,,,
LOCAL,,,,,
TOURISM,,,,,
HOT SPOT,,,,,
RICKSHAW,,,,,
JET SKIING,,,,,
OVERSEA,,,,,
DAYBREAK,,,,,
CAMPER,,,,,
TOUR OPERATOR,,,,,
TRAVEL DESK,,,,,
ECOTOURISM,,,,,
ATTRACTION,,,,,
"",,,,,
ENCOUNTER,,,,,
CONNECTION,,,,,
DELUXE,,,,,
DELTA,,,,,
ANCESTRAL LAND,,,,,
YOGA,,,,,
BACKPACK,,,,,
TRAVEL WARNING,,,,,
CONSERVATION,,,,,
EXHIBITION,,,,,
BOOGIE BOARDING,,,,,
PACK,,,,,
ABROAD,,,,,
PRIVATE JET,,,,,
TRAVEL TRENDS,,,,,
"",,,,,
TURBULENCE,,,,,
ECOLODGE,,,,,
FREEDOM,,,,,
BAR,,,,,
REFUND,,,,,
SPORTING EVENT,,,,,
HOSTEL,,,,,
LODGE,,,,,
TRAVEL PLANNING,,,,,
CITY TOUR,,,,,
TRAVEL BAN,,,,,
ETHNIC,,,,,
TIP,,,,,
TRAVEL ESSENTIALS,,,,,
OASIS,,,,,
"",,,,,
STATE PARK,,,,,
,,,,,
,,,,,
TRAVELER’S CHECK,,,,,
SUMMER VACATIONS,,,,,
DESERT,,,,,
REST STOP,,,,,
RAMBLE,,,,,
TOUR BUS,,,,,
TRAVEL LOGISTICS,,,,,
TRAVEL DOCUMENTS,,,,,
BEACH,,,,,
RAPIDS,,,,,
APRESSKI,,,,,
DAY PACK,,,,,
"",,,,,
MAP READING,,,,,
ROUNDABOUT,,,,,
MOTORCYCLE,,,,,
BUS STATION,,,,,
GRAND TOUR,,,,,
WALK,,,,,
SHORTCUT,,,,,
BUDGET AIRLINE,,,,,
DOCK,,,,,
TRAVEL INSURANCE,,,,,
TRAVEL INDUSTRY,,,,,
SANDALS,,,,,
CROSSROADS,,,,,
MULTICITY TRIP,,,,,
ROAD SIGNS,,,,,
"",,,,,
TOTE,,,,,
WATERFALL,,,,,
VIBRANT,,,,,
RESEARCH,,,,,
AIRPORT,,,,,
CHALET,,,,,
PARADE,,,,,
HISTORIC SITES,,,,,
DREAM TRIP,,,,,
HOME STAY,,,,,
SHORE,,,,,
GROTTO,,,,,
SUNBATHE,,,,,
OCEAN,,,,,
SCENIC BYWAY,,,,,
"",,,,,
,,,,,
VIDEO CAMERA,,,,,
CAMPSITE,,,,,
URBAN,,,,,
SNOWBOARD,,,,,
GATE,,,,,
LOW IMPACT,,,,,
LOCAL CUISINE,,,,,
TRAVEL ENTHUSIASTS,,,,,
HISTORIC DISTRICTS,,,,,
GOURMET,,,,,
,,,,,
BOAT,,,,,
LANGUAGE BARRIER,,,,,
PHOTOGRAPHER,,,,,
"",,,,,
PENINSULA,,,,,
COMMERCIAL,,,,,
SHUTTLE SERVICE,,,,,
LIGHTHOUSE,,,,,
COBBLESTONE,,,,,
EXCHANGE RATE,,,,,
SPEED LIMIT,,,,,
TURNPIKE,,,,,
,,,,,
,,,,,
CONSTELLATION,,,,,
ACCLIMATIZE,,,,,
ROCK CLIMBING,,,,,
SPEEDBOAT,,,,,
MOUNTAIN RESORT,,,,,
"",,,,,
TRAVEL CHALLENGES,,,,,
TUBING,,,,,
TRAVEL MEMORIES,,,,,
SOUVENIR,,,,,
NIGHTFALL,,,,,
TRIBE,,,,,
TRAVEL CONNECTIONS,,,,,
BACK ROADS,,,,,
ECOSYSTEM,,,,,
RIDESHARING,,,,,
SUSTAINABLE,,,,,
EMBARKATION,,,,,
EMERGENCY CONTACTS,,,,,
VOYAGE,,,,,
ROMANTIC,,,,,
"",,,,,
AMENITIES,,,,,
RELIGIOUS SITES,,,,,
COSMOPOLITAN,,,,,
VIDEO,,,,,
DESCEND,,,,,
MEMORY,,,,,
CONTINENT,,,,,
HOLIDAY DESTINATION,,,,,
TRAVELOGUE,,,,,
PATH,,,,,
CHARTER FLIGHT,,,,,
COASTAL DRIVE,,,,,
,,,,,
TRAVEL,,,,,
,,,,,
"",,,,,
FARM VISIT,,,,,
LOUNGE,,,,,
ADVENTURER,,,,,
CULTURAL TOUR,,,,,
JET PLANE,,,,,
ADVISORY,,,,,
DINING,,,,,
SAIL,,,,,
WANDERER,,,,,
TRAVEL GUIDES,,,,,
GLOBETROTTING,,,,,
GATE AGENT,,,,,
HAMMOCK,,,,,
,,,,,
MOUNTAINEERING,,,,,
"",,,,,
STOPOVER,,,,,
CULTURAL TRAVEL,,,,,
EXPAT,,,,,
NATURE TRAIL,,,,,
WILDLIFE WATCHING,,,,,
OUTDOOR ACTIVITIES,,,,,
FIRST AID KIT,,,,,
,,,,,
WAYFARER,,,,,
ROOM,,,,,
BICYCLE,,,,,
FIRST CLASS,,,,,
SCUBA DIVING,,,,,
PACKING LIGHT,,,,,
TREK,,,,,
"",,,,,
CRUISE,,,,,
CANYONING,,,,,
SEAT,,,,,
